{"cameraMode":{"drawMode":0,"name":"Shaded","section":"Shading Mode"},"sceneLighting":true,"audioPlay":false,"sceneViewState":{"showFog":false,"showMaterialUpdate":false,"showSkybox":false,"showFlares":false,"showImageEffects":false,"showParticleSystems":false},"in2DMode":false,"pivot":{"x":9.337991714477539,"y":0.9649026393890381,"z":0.8546619415283203},"rotation":{"x":-0.12584027647972108,"y":-0.650736927986145,"z":0.11057168245315552,"w":-0.7405941486358643},"size":2.0987131595611574,"orthographic":false}