{"cameraMode":{"drawMode":0,"name":"Shaded","section":"Shading Mode"},"sceneLighting":true,"audioPlay":false,"sceneViewState":{"showFog":true,"showMaterialUpdate":false,"showSkybox":false,"showFlares":false,"showImageEffects":false,"showParticleSystems":false},"in2DMode":false,"pivot":{"x":8.575881958007813,"y":0.8851149082183838,"z":4.04330587387085},"rotation":{"x":-0.20137512683868409,"y":-0.11955989897251129,"z":0.024772752076387407,"w":-0.9718744158744812},"size":15.699187278747559,"orthographic":false}