{"cameraMode":{"drawMode":0,"name":"Shaded","section":"Shading Mode"},"sceneLighting":true,"audioPlay":false,"sceneViewState":{"showFog":true,"showMaterialUpdate":false,"showSkybox":false,"showFlares":false,"showImageEffects":false,"showParticleSystems":false},"in2DMode":false,"pivot":{"x":-9.402735710144043,"y":0.20845794677734376,"z":5.597667694091797},"rotation":{"x":-0.20137512683868409,"y":-0.11955989897251129,"z":0.024772752076387407,"w":-0.9718744158744812},"size":50.50431442260742,"orthographic":false}