{"cameraMode":{"drawMode":0,"name":"Shaded","section":"Shading Mode"},"sceneLighting":true,"audioPlay":false,"sceneViewState":{"showFog":true,"showMaterialUpdate":false,"showSkybox":false,"showFlares":false,"showImageEffects":false,"showParticleSystems":false},"in2DMode":false,"pivot":{"x":-18.597488403320314,"y":0.1378192901611328,"z":20.717578887939454},"rotation":{"x":-0.17336302995681764,"y":-0.027478693053126336,"z":0.004838539287447929,"w":-0.9844627380371094},"size":34.42366027832031,"orthographic":false}