{"cameraMode":{"drawMode":0,"name":"Shaded","section":"Shading Mode"},"sceneLighting":true,"audioPlay":false,"sceneViewState":{"showFog":true,"showMaterialUpdate":false,"showSkybox":false,"showFlares":false,"showImageEffects":false,"showParticleSystems":false},"in2DMode":false,"pivot":{"x":10.026346206665039,"y":1.437887191772461,"z":8.133914947509766},"rotation":{"x":-0.2279224693775177,"y":0.5874714255332947,"z":-0.17710930109024049,"w":-0.7560165524482727},"size":11.395971298217774,"orthographic":false}