{"cameraMode":{"drawMode":0,"name":"Shaded","section":"Shading Mode"},"sceneLighting":true,"audioPlay":false,"sceneViewState":{"showFog":true,"showMaterialUpdate":false,"showSkybox":false,"showFlares":false,"showImageEffects":false,"showParticleSystems":false},"in2DMode":false,"pivot":{"x":11.44425106048584,"y":1.0909943580627442,"z":10.22562313079834},"rotation":{"x":-0.15246914327144624,"y":-0.0557127371430397,"z":0.00860929861664772,"w":-0.9866991639137268},"size":21.951900482177736,"orthographic":false}