{"cameraMode":{"drawMode":0,"name":"Shaded","section":"Shading Mode"},"sceneLighting":true,"audioPlay":false,"sceneViewState":{"showFog":true,"showMaterialUpdate":false,"showSkybox":false,"showFlares":false,"showImageEffects":false,"showParticleSystems":false},"in2DMode":false,"pivot":{"x":-11.96405029296875,"y":245.3579864501953,"z":-707.5484619140625},"rotation":{"x":0.005052735097706318,"y":0.9932356476783752,"z":0.047401491552591327,"w":-0.105880007147789},"size":2534.033447265625,"orthographic":false}