{"cameraMode":{"drawMode":0,"name":"Shaded","section":"Shading Mode"},"sceneLighting":true,"audioPlay":false,"sceneViewState":{"showFog":true,"showMaterialUpdate":false,"showSkybox":false,"showFlares":false,"showImageEffects":false,"showParticleSystems":false},"in2DMode":false,"pivot":{"x":-21.310203552246095,"y":-33.51951599121094,"z":66.27674102783203},"rotation":{"x":-0.2350911796092987,"y":-0.0008787771803326905,"z":0.00021293565805535764,"w":-0.9719729423522949},"size":80.85477447509766,"orthographic":false}