{"cameraMode":{"drawMode":0,"name":"Shaded","section":"Shading Mode"},"sceneLighting":true,"audioPlay":false,"sceneViewState":{"showFog":true,"showMaterialUpdate":false,"showSkybox":true,"showFlares":true,"showImageEffects":true,"showParticleSystems":true},"in2DMode":false,"pivot":{"x":-17.962358474731447,"y":5.188912868499756,"z":70.41815185546875},"rotation":{"x":0.005658460780978203,"y":0.1053989827632904,"z":0.0005997432162985206,"w":-0.9944137334823608},"size":96.44595336914063,"orthographic":false}